test_image,true_cleanliness,true_udder,predict_udder,true_hindquarter,predict_hindquarter,true_hindleg,predict_hindleg,predict_confidence,predict_reason,predict_result,model,date,system_prompt,user_prompt,max_tokens,detail_level,seed,temperature,completion_tokens,prompt_tokens,total_cost
0_clean_hindquarter_hindleg_h3.JPG,0,0,0,0,0,0,NA,Medium,"The udder appears to have no distinct plaques of dirt on it or around the teats, only minor splashing is visible, which corresponds to a score of 0. The hindquarter also does not show separate or continuous plaques of dirt, just minor discoloration which could be due to the cow's natural coat pattern or minor dirt, leading to a score of 0. The image does not provide a clear view of the lower hind legs, especially the area around the coronary band, hence the assessment for the hindleg is not applicable (NA). The confidence level is medium due to the image's angle and quality not showing the lower hind legs, which prevents a complete assessment.","ChatCompletion(id='chatcmpl-8gln6DwF0b60QphqmVVKL4SV9z7Tw', choices=[Choice(finish_reason='stop', index=0, message=ChatCompletionMessage(content='```json\n{\n  ""udder"": ""0"",\n  ""hindquarter"": ""0"",\n  ""hindleg"": ""NA"",\n  ""confidence"": ""Medium"",\n  ""reason"": ""The udder appears to have no distinct plaques of dirt on it or around the teats, only minor splashing is visible, which corresponds to a score of 0. The hindquarter also does not show separate or continuous plaques of dirt, just minor discoloration which could be due to the cow\'s natural coat pattern or minor dirt, leading to a score of 0. The image does not provide a clear view of the lower hind legs, especially the area around the coronary band, hence the assessment for the hindleg is not applicable (NA). The confidence level is medium due to the image\'s angle and quality not showing the lower hind legs, which prevents a complete assessment.""\n}\n```', role='assistant', function_call=None, tool_calls=None))], created=1705204176, model='gpt-4-1106-vision-preview', object='chat.completion', system_fingerprint=None, usage=CompletionUsage(completion_tokens=182, prompt_tokens=2834, total_tokens=3016))",gpt-4-vision-preview,2024-01-13,"You are an experienced expert in animal welfare science focusing on dairy cow behavior and health, with 20 years of experience in conducting farm audit for welfare assessment. 
 ","Below are images containing text descriptions and criteria for assessing cleanliness of dairy cows' [1] udder, [2]hindquarter, and [3]hindleg. Please read these examples in the images. Creteria and example images: 
 
**example images**
Your task involves evaluating the cleanliness of dairy cows' [1]udder, [2]hindquarter, and [3]hindleg shown in the subsequent image, based on the previously provided criteria and examples.  `udder`: Enter `0` if no dirt or minor splashing; Enter `2` if there are distinct plaques of dirt on udder or any dirt on and around the teats. `hindquarter`: Enter `0` if no dirt or minor splashing; Enter `2` if there are separate or continuous plaques of dirt. `hindleg`: Enter `0` if no dirt or minor splashing; Enter `2` if there are separate or continuous plaques of dirt above the coronary band. If you can not assess due to image angle, enter `NA`
 
 Give your assessment with a confidence score and briefly explain your reasoning to clarify your thought process step by step. Take a deep breath before you answer. This task is vital to my career, and I greatly value your thorough analysis. 

 Answer format: ```json 
 {
  ""udder"": ""..."",
 ""hindquarter"": ""..."",
 ""hindleg"": ""..."",
 ""confidence"": ""..."",
  ""reason"": ""...""}``` 

 The following image requires your assessment of the cow's cleanliness of udder, hindquarter, and hindleg: 

**test images**
",1000,high,7,0.5,182,2834,0.034
0_clean_hindquarter_hindleg_h5.JPG,0,0,0,0,0,0,0,high,"The udder appears clean with no distinct plaques of dirt or any noticeable dirt on and around the teats, which corresponds to a score of 0. The hindquarter also appears to be clean without any separate or continuous plaques of dirt, justifying a score of 0. Similarly, the lower hind legs are clean without any separate or continuous plaques of dirt above the coronary band, meriting a score of 0. The image provides a clear view of these areas, allowing for a high level of confidence in the assessment.","ChatCompletion(id='chatcmpl-8glnJzfUxHjDPctYKIenqveUcf0u7', choices=[Choice(finish_reason='stop', index=0, message=ChatCompletionMessage(content='```json\n{\n  ""udder"": ""0"",\n  ""hindquarter"": ""0"",\n  ""hindleg"": ""0"",\n  ""confidence"": ""high"",\n  ""reason"": ""The udder appears clean with no distinct plaques of dirt or any noticeable dirt on and around the teats, which corresponds to a score of 0. The hindquarter also appears to be clean without any separate or continuous plaques of dirt, justifying a score of 0. Similarly, the lower hind legs are clean without any separate or continuous plaques of dirt above the coronary band, meriting a score of 0. The image provides a clear view of these areas, allowing for a high level of confidence in the assessment.""\n}\n```', role='assistant', function_call=None, tool_calls=None))], created=1705204189, model='gpt-4-1106-vision-preview', object='chat.completion', system_fingerprint=None, usage=CompletionUsage(completion_tokens=151, prompt_tokens=3004, total_tokens=3155))",gpt-4-vision-preview,2024-01-13,"You are an experienced expert in animal welfare science focusing on dairy cow behavior and health, with 20 years of experience in conducting farm audit for welfare assessment. 
 ","Below are images containing text descriptions and criteria for assessing cleanliness of dairy cows' [1] udder, [2]hindquarter, and [3]hindleg. Please read these examples in the images. Creteria and example images: 
 
**example images**
Your task involves evaluating the cleanliness of dairy cows' [1]udder, [2]hindquarter, and [3]hindleg shown in the subsequent image, based on the previously provided criteria and examples.  `udder`: Enter `0` if no dirt or minor splashing; Enter `2` if there are distinct plaques of dirt on udder or any dirt on and around the teats. `hindquarter`: Enter `0` if no dirt or minor splashing; Enter `2` if there are separate or continuous plaques of dirt. `hindleg`: Enter `0` if no dirt or minor splashing; Enter `2` if there are separate or continuous plaques of dirt above the coronary band. If you can not assess due to image angle, enter `NA`
 
 Give your assessment with a confidence score and briefly explain your reasoning to clarify your thought process step by step. Take a deep breath before you answer. This task is vital to my career, and I greatly value your thorough analysis. 

 Answer format: ```json 
 {
  ""udder"": ""..."",
 ""hindquarter"": ""..."",
 ""hindleg"": ""..."",
 ""confidence"": ""..."",
  ""reason"": ""...""}``` 

 The following image requires your assessment of the cow's cleanliness of udder, hindquarter, and hindleg: 

**test images**
",1000,high,7,0.5,151,3004,0.035
0_clean_hindquarter_hindleg_h9.JPG,0,0,0,0,NA,0,0,Medium,"The udder appears to have no distinct plaques of dirt on it or around the teats, fitting the criteria for a score of 0. The lower hindleg is visible and also appears to have no significant dirt or plaques above the coronary band, which corresponds to a score of 0. The hindquarter is not fully visible in the provided image, making it difficult to assess its cleanliness accurately; thus, I have entered 'NA' for not assessable. The confidence level is medium due to the partial visibility of the cow, which limits a complete assessment.","ChatCompletion(id='chatcmpl-8glnTn0ldsv0mWJY8BoMu8GI1BHeW', choices=[Choice(finish_reason='stop', index=0, message=ChatCompletionMessage(content='```json\n{\n  ""udder"": ""0"",\n  ""hindquarter"": ""NA"",\n  ""hindleg"": ""0"",\n  ""confidence"": ""Medium"",\n  ""reason"": ""The udder appears to have no distinct plaques of dirt on it or around the teats, fitting the criteria for a score of 0. The lower hindleg is visible and also appears to have no significant dirt or plaques above the coronary band, which corresponds to a score of 0. The hindquarter is not fully visible in the provided image, making it difficult to assess its cleanliness accurately; thus, I have entered \'NA\' for not assessable. The confidence level is medium due to the partial visibility of the cow, which limits a complete assessment.""\n}\n```', role='assistant', function_call=None, tool_calls=None))], created=1705204199, model='gpt-4-1106-vision-preview', object='chat.completion', system_fingerprint=None, usage=CompletionUsage(completion_tokens=157, prompt_tokens=2834, total_tokens=2991))",gpt-4-vision-preview,2024-01-13,"You are an experienced expert in animal welfare science focusing on dairy cow behavior and health, with 20 years of experience in conducting farm audit for welfare assessment. 
 ","Below are images containing text descriptions and criteria for assessing cleanliness of dairy cows' [1] udder, [2]hindquarter, and [3]hindleg. Please read these examples in the images. Creteria and example images: 
 
**example images**
Your task involves evaluating the cleanliness of dairy cows' [1]udder, [2]hindquarter, and [3]hindleg shown in the subsequent image, based on the previously provided criteria and examples.  `udder`: Enter `0` if no dirt or minor splashing; Enter `2` if there are distinct plaques of dirt on udder or any dirt on and around the teats. `hindquarter`: Enter `0` if no dirt or minor splashing; Enter `2` if there are separate or continuous plaques of dirt. `hindleg`: Enter `0` if no dirt or minor splashing; Enter `2` if there are separate or continuous plaques of dirt above the coronary band. If you can not assess due to image angle, enter `NA`
 
 Give your assessment with a confidence score and briefly explain your reasoning to clarify your thought process step by step. Take a deep breath before you answer. This task is vital to my career, and I greatly value your thorough analysis. 

 Answer format: ```json 
 {
  ""udder"": ""..."",
 ""hindquarter"": ""..."",
 ""hindleg"": ""..."",
 ""confidence"": ""..."",
  ""reason"": ""...""}``` 

 The following image requires your assessment of the cow's cleanliness of udder, hindquarter, and hindleg: 

**test images**
",1000,high,7,0.5,157,2834,0.033
0_clean_udder_u4.JPG,0,0,0,0,0,0,NA,High,"The udder appears to have no distinct plaques of dirt on it or around the teats, only minor splashing is visible, which is in line with a score of 0. The hindquarter, which includes the upper hind leg, flank, and rear view including the tail (excluding the udder), also appears to have no distinct plaques of dirt, justifying a score of 0. The lower hind leg is not visible in the image provided, thus hindering a proper assessment; therefore, it is marked as 'NA' for not applicable. The confidence level is high because the visible parts of the cow are clearly clean, matching the criteria for a score of 0 as per the guidelines provided.","ChatCompletion(id='chatcmpl-8glndW3Lcd9IipoXPq7CTukjIZEba', choices=[Choice(finish_reason='stop', index=0, message=ChatCompletionMessage(content='```json\n{\n  ""udder"": ""0"",\n  ""hindquarter"": ""0"",\n  ""hindleg"": ""NA"",\n  ""confidence"": ""High"",\n  ""reason"": ""The udder appears to have no distinct plaques of dirt on it or around the teats, only minor splashing is visible, which is in line with a score of 0. The hindquarter, which includes the upper hind leg, flank, and rear view including the tail (excluding the udder), also appears to have no distinct plaques of dirt, justifying a score of 0. The lower hind leg is not visible in the image provided, thus hindering a proper assessment; therefore, it is marked as \'NA\' for not applicable. The confidence level is high because the visible parts of the cow are clearly clean, matching the criteria for a score of 0 as per the guidelines provided.""\n}\n```', role='assistant', function_call=None, tool_calls=None))], created=1705204209, model='gpt-4-1106-vision-preview', object='chat.completion', system_fingerprint=None, usage=CompletionUsage(completion_tokens=188, prompt_tokens=2834, total_tokens=3022))",gpt-4-vision-preview,2024-01-13,"You are an experienced expert in animal welfare science focusing on dairy cow behavior and health, with 20 years of experience in conducting farm audit for welfare assessment. 
 ","Below are images containing text descriptions and criteria for assessing cleanliness of dairy cows' [1] udder, [2]hindquarter, and [3]hindleg. Please read these examples in the images. Creteria and example images: 
 
**example images**
Your task involves evaluating the cleanliness of dairy cows' [1]udder, [2]hindquarter, and [3]hindleg shown in the subsequent image, based on the previously provided criteria and examples.  `udder`: Enter `0` if no dirt or minor splashing; Enter `2` if there are distinct plaques of dirt on udder or any dirt on and around the teats. `hindquarter`: Enter `0` if no dirt or minor splashing; Enter `2` if there are separate or continuous plaques of dirt. `hindleg`: Enter `0` if no dirt or minor splashing; Enter `2` if there are separate or continuous plaques of dirt above the coronary band. If you can not assess due to image angle, enter `NA`
 
 Give your assessment with a confidence score and briefly explain your reasoning to clarify your thought process step by step. Take a deep breath before you answer. This task is vital to my career, and I greatly value your thorough analysis. 

 Answer format: ```json 
 {
  ""udder"": ""..."",
 ""hindquarter"": ""..."",
 ""hindleg"": ""..."",
 ""confidence"": ""..."",
  ""reason"": ""...""}``` 

 The following image requires your assessment of the cow's cleanliness of udder, hindquarter, and hindleg: 

**test images**
",1000,high,7,0.5,188,2834,0.034
0_clean_udder_u5.JPG,0,0,0,0,0,0,NA,Medium,"The udder appears to have no distinct plaques of dirt on it or around the teats, only minor splashing is visible, which is in line with a score of 0. The hindquarter, which includes the upper hind leg, flank, and rear view including the tail (excluding udder), also appears to have no separate or continuous plaques of dirt, justifying a score of 0. However, the image does not provide a clear view of the lower hind legs, especially around the coronary band, which prevents a reliable assessment for that specific area, thus the score is NA for the hindleg. The confidence level is medium due to the angle and clarity of the image, which does not allow for a complete view of the lower hind legs.","ChatCompletion(id='chatcmpl-8glnmMGd3nKrvnZIeYpFkA0WrUg4i', choices=[Choice(finish_reason='stop', index=0, message=ChatCompletionMessage(content='```json\n{\n  ""udder"": ""0"",\n  ""hindquarter"": ""0"",\n  ""hindleg"": ""NA"",\n  ""confidence"": ""Medium"",\n  ""reason"": ""The udder appears to have no distinct plaques of dirt on it or around the teats, only minor splashing is visible, which is in line with a score of 0. The hindquarter, which includes the upper hind leg, flank, and rear view including the tail (excluding udder), also appears to have no separate or continuous plaques of dirt, justifying a score of 0. However, the image does not provide a clear view of the lower hind legs, especially around the coronary band, which prevents a reliable assessment for that specific area, thus the score is NA for the hindleg. The confidence level is medium due to the angle and clarity of the image, which does not allow for a complete view of the lower hind legs.""\n}\n```', role='assistant', function_call=None, tool_calls=None))], created=1705204218, model='gpt-4-1106-vision-preview', object='chat.completion', system_fingerprint=None, usage=CompletionUsage(completion_tokens=197, prompt_tokens=2834, total_tokens=3031))",gpt-4-vision-preview,2024-01-13,"You are an experienced expert in animal welfare science focusing on dairy cow behavior and health, with 20 years of experience in conducting farm audit for welfare assessment. 
 ","Below are images containing text descriptions and criteria for assessing cleanliness of dairy cows' [1] udder, [2]hindquarter, and [3]hindleg. Please read these examples in the images. Creteria and example images: 
 
**example images**
Your task involves evaluating the cleanliness of dairy cows' [1]udder, [2]hindquarter, and [3]hindleg shown in the subsequent image, based on the previously provided criteria and examples.  `udder`: Enter `0` if no dirt or minor splashing; Enter `2` if there are distinct plaques of dirt on udder or any dirt on and around the teats. `hindquarter`: Enter `0` if no dirt or minor splashing; Enter `2` if there are separate or continuous plaques of dirt. `hindleg`: Enter `0` if no dirt or minor splashing; Enter `2` if there are separate or continuous plaques of dirt above the coronary band. If you can not assess due to image angle, enter `NA`
 
 Give your assessment with a confidence score and briefly explain your reasoning to clarify your thought process step by step. Take a deep breath before you answer. This task is vital to my career, and I greatly value your thorough analysis. 

 Answer format: ```json 
 {
  ""udder"": ""..."",
 ""hindquarter"": ""..."",
 ""hindleg"": ""..."",
 ""confidence"": ""..."",
  ""reason"": ""...""}``` 

 The following image requires your assessment of the cow's cleanliness of udder, hindquarter, and hindleg: 

**test images**
",1000,high,7,0.5,197,2834,0.034
0_clean_udder_u7.JPG,0,0,0,0,NA,0,NA,Medium,"The udder appears to have no distinct plaques of dirt or any dirt on and around the teats, which corresponds to a score of 0. The angle of the image does not allow a clear view of the hindquarter or the lower hindleg to make an accurate assessment; therefore, these are marked as NA (not assessable). The assessment of the udder is made with medium confidence due to the limited resolution and size of the image.","ChatCompletion(id='chatcmpl-8glntK9sCFOhBv63qZ1lnF2ymk26U', choices=[Choice(finish_reason='stop', index=0, message=ChatCompletionMessage(content='```json\n{\n  ""udder"": ""0"",\n  ""hindquarter"": ""NA"",\n  ""hindleg"": ""NA"",\n  ""confidence"": ""Medium"",\n  ""reason"": ""The udder appears to have no distinct plaques of dirt or any dirt on and around the teats, which corresponds to a score of 0. The angle of the image does not allow a clear view of the hindquarter or the lower hindleg to make an accurate assessment; therefore, these are marked as NA (not assessable). The assessment of the udder is made with medium confidence due to the limited resolution and size of the image.""\n}\n```', role='assistant', function_call=None, tool_calls=None))], created=1705204225, model='gpt-4-1106-vision-preview', object='chat.completion', system_fingerprint=None, usage=CompletionUsage(completion_tokens=134, prompt_tokens=2834, total_tokens=2968))",gpt-4-vision-preview,2024-01-13,"You are an experienced expert in animal welfare science focusing on dairy cow behavior and health, with 20 years of experience in conducting farm audit for welfare assessment. 
 ","Below are images containing text descriptions and criteria for assessing cleanliness of dairy cows' [1] udder, [2]hindquarter, and [3]hindleg. Please read these examples in the images. Creteria and example images: 
 
**example images**
Your task involves evaluating the cleanliness of dairy cows' [1]udder, [2]hindquarter, and [3]hindleg shown in the subsequent image, based on the previously provided criteria and examples.  `udder`: Enter `0` if no dirt or minor splashing; Enter `2` if there are distinct plaques of dirt on udder or any dirt on and around the teats. `hindquarter`: Enter `0` if no dirt or minor splashing; Enter `2` if there are separate or continuous plaques of dirt. `hindleg`: Enter `0` if no dirt or minor splashing; Enter `2` if there are separate or continuous plaques of dirt above the coronary band. If you can not assess due to image angle, enter `NA`
 
 Give your assessment with a confidence score and briefly explain your reasoning to clarify your thought process step by step. Take a deep breath before you answer. This task is vital to my career, and I greatly value your thorough analysis. 

 Answer format: ```json 
 {
  ""udder"": ""..."",
 ""hindquarter"": ""..."",
 ""hindleg"": ""..."",
 ""confidence"": ""..."",
  ""reason"": ""...""}``` 

 The following image requires your assessment of the cow's cleanliness of udder, hindquarter, and hindleg: 

**test images**
",1000,high,7,0.5,134,2834,0.032
0_clean_udder_u8.JPG,0,0,2,0,2,0,NA,High,"The udder shows distinct plaques of dirt, particularly around the teats, which meets the criteria for a score of 2. The hindquarter also displays separate or continuous plaques of dirt, justifying a score of 2. The image does not provide a clear view of the lower hind legs, and thus an assessment cannot be made, resulting in a score of NA for the hindleg.","ChatCompletion(id='chatcmpl-8glnzLWL0q5N7XKojolVaUyl2npbx', choices=[Choice(finish_reason='stop', index=0, message=ChatCompletionMessage(content='```json\n{\n  ""udder"": ""2"",\n  ""hindquarter"": ""2"",\n  ""hindleg"": ""NA"",\n  ""confidence"": ""High"",\n  ""reason"": ""The udder shows distinct plaques of dirt, particularly around the teats, which meets the criteria for a score of 2. The hindquarter also displays separate or continuous plaques of dirt, justifying a score of 2. The image does not provide a clear view of the lower hind legs, and thus an assessment cannot be made, resulting in a score of NA for the hindleg.""\n}\n```', role='assistant', function_call=None, tool_calls=None))], created=1705204231, model='gpt-4-1106-vision-preview', object='chat.completion', system_fingerprint=None, usage=CompletionUsage(completion_tokens=123, prompt_tokens=2834, total_tokens=2957))",gpt-4-vision-preview,2024-01-13,"You are an experienced expert in animal welfare science focusing on dairy cow behavior and health, with 20 years of experience in conducting farm audit for welfare assessment. 
 ","Below are images containing text descriptions and criteria for assessing cleanliness of dairy cows' [1] udder, [2]hindquarter, and [3]hindleg. Please read these examples in the images. Creteria and example images: 
 
**example images**
Your task involves evaluating the cleanliness of dairy cows' [1]udder, [2]hindquarter, and [3]hindleg shown in the subsequent image, based on the previously provided criteria and examples.  `udder`: Enter `0` if no dirt or minor splashing; Enter `2` if there are distinct plaques of dirt on udder or any dirt on and around the teats. `hindquarter`: Enter `0` if no dirt or minor splashing; Enter `2` if there are separate or continuous plaques of dirt. `hindleg`: Enter `0` if no dirt or minor splashing; Enter `2` if there are separate or continuous plaques of dirt above the coronary band. If you can not assess due to image angle, enter `NA`
 
 Give your assessment with a confidence score and briefly explain your reasoning to clarify your thought process step by step. Take a deep breath before you answer. This task is vital to my career, and I greatly value your thorough analysis. 

 Answer format: ```json 
 {
  ""udder"": ""..."",
 ""hindquarter"": ""..."",
 ""hindleg"": ""..."",
 ""confidence"": ""..."",
  ""reason"": ""...""}``` 

 The following image requires your assessment of the cow's cleanliness of udder, hindquarter, and hindleg: 

**test images**
",1000,high,7,0.5,123,2834,0.032
2_dirty_hindquarter_hindleg_h1.JPG,2,0,2,2,2,2,NA,High,"The udder shows distinct plaques of dirt, which are clearly visible and cover a significant portion of the area, thus warranting a score of 2. The hindquarter also displays a large area covered with dirt, consistent with the description for a score of 2. The hindlegs are not visible in the image provided, and therefore cannot be assessed, resulting in a score of NA for that category. The confidence in this assessment is high due to the clear visibility of dirt on the udder and hindquarter, which matches the criteria described for a score of 2.","ChatCompletion(id='chatcmpl-8glo80jbcpeN5L6XOGj88vd3dwyfL', choices=[Choice(finish_reason='stop', index=0, message=ChatCompletionMessage(content='```json\n{\n  ""udder"": ""2"",\n  ""hindquarter"": ""2"",\n  ""hindleg"": ""NA"",\n  ""confidence"": ""High"",\n  ""reason"": ""The udder shows distinct plaques of dirt, which are clearly visible and cover a significant portion of the area, thus warranting a score of 2. The hindquarter also displays a large area covered with dirt, consistent with the description for a score of 2. The hindlegs are not visible in the image provided, and therefore cannot be assessed, resulting in a score of NA for that category. The confidence in this assessment is high due to the clear visibility of dirt on the udder and hindquarter, which matches the criteria described for a score of 2.""\n}\n```', role='assistant', function_call=None, tool_calls=None))], created=1705204240, model='gpt-4-1106-vision-preview', object='chat.completion', system_fingerprint=None, usage=CompletionUsage(completion_tokens=159, prompt_tokens=2834, total_tokens=2993))",gpt-4-vision-preview,2024-01-13,"You are an experienced expert in animal welfare science focusing on dairy cow behavior and health, with 20 years of experience in conducting farm audit for welfare assessment. 
 ","Below are images containing text descriptions and criteria for assessing cleanliness of dairy cows' [1] udder, [2]hindquarter, and [3]hindleg. Please read these examples in the images. Creteria and example images: 
 
**example images**
Your task involves evaluating the cleanliness of dairy cows' [1]udder, [2]hindquarter, and [3]hindleg shown in the subsequent image, based on the previously provided criteria and examples.  `udder`: Enter `0` if no dirt or minor splashing; Enter `2` if there are distinct plaques of dirt on udder or any dirt on and around the teats. `hindquarter`: Enter `0` if no dirt or minor splashing; Enter `2` if there are separate or continuous plaques of dirt. `hindleg`: Enter `0` if no dirt or minor splashing; Enter `2` if there are separate or continuous plaques of dirt above the coronary band. If you can not assess due to image angle, enter `NA`
 
 Give your assessment with a confidence score and briefly explain your reasoning to clarify your thought process step by step. Take a deep breath before you answer. This task is vital to my career, and I greatly value your thorough analysis. 

 Answer format: ```json 
 {
  ""udder"": ""..."",
 ""hindquarter"": ""..."",
 ""hindleg"": ""..."",
 ""confidence"": ""..."",
  ""reason"": ""...""}``` 

 The following image requires your assessment of the cow's cleanliness of udder, hindquarter, and hindleg: 

**test images**
",1000,high,7,0.5,159,2834,0.033
2_dirty_hindquarter_hindleg_h2.JPG,2,0,2,2,2,2,2,High,"The cow's udder has visible distinct plaques of dirt, especially around the teats, which aligns with a score of 2 according to the provided criteria. The hindquarter also has visible dirt that covers a significant area, including what appears to be continuous plaques of dirt, which matches the criteria for a score of 2. The lower hind legs show significant dirt above the coronary band, which is consistent with a score of 2. The angles and lighting in the image are clear, providing a good view of the areas in question, which supports a high confidence in the assessment.","ChatCompletion(id='chatcmpl-8gloErCaQnjon6JEma2ZVAlsIFnjv', choices=[Choice(finish_reason='stop', index=0, message=ChatCompletionMessage(content='```json\n{\n  ""udder"": ""2"",\n  ""hindquarter"": ""2"",\n  ""hindleg"": ""2"",\n  ""confidence"": ""High"",\n  ""reason"": ""The cow\'s udder has visible distinct plaques of dirt, especially around the teats, which aligns with a score of 2 according to the provided criteria. The hindquarter also has visible dirt that covers a significant area, including what appears to be continuous plaques of dirt, which matches the criteria for a score of 2. The lower hind legs show significant dirt above the coronary band, which is consistent with a score of 2. The angles and lighting in the image are clear, providing a good view of the areas in question, which supports a high confidence in the assessment.""\n}\n```', role='assistant', function_call=None, tool_calls=None))], created=1705204246, model='gpt-4-1106-vision-preview', object='chat.completion', system_fingerprint=None, usage=CompletionUsage(completion_tokens=162, prompt_tokens=3344, total_tokens=3506))",gpt-4-vision-preview,2024-01-13,"You are an experienced expert in animal welfare science focusing on dairy cow behavior and health, with 20 years of experience in conducting farm audit for welfare assessment. 
 ","Below are images containing text descriptions and criteria for assessing cleanliness of dairy cows' [1] udder, [2]hindquarter, and [3]hindleg. Please read these examples in the images. Creteria and example images: 
 
**example images**
Your task involves evaluating the cleanliness of dairy cows' [1]udder, [2]hindquarter, and [3]hindleg shown in the subsequent image, based on the previously provided criteria and examples.  `udder`: Enter `0` if no dirt or minor splashing; Enter `2` if there are distinct plaques of dirt on udder or any dirt on and around the teats. `hindquarter`: Enter `0` if no dirt or minor splashing; Enter `2` if there are separate or continuous plaques of dirt. `hindleg`: Enter `0` if no dirt or minor splashing; Enter `2` if there are separate or continuous plaques of dirt above the coronary band. If you can not assess due to image angle, enter `NA`
 
 Give your assessment with a confidence score and briefly explain your reasoning to clarify your thought process step by step. Take a deep breath before you answer. This task is vital to my career, and I greatly value your thorough analysis. 

 Answer format: ```json 
 {
  ""udder"": ""..."",
 ""hindquarter"": ""..."",
 ""hindleg"": ""..."",
 ""confidence"": ""..."",
  ""reason"": ""...""}``` 

 The following image requires your assessment of the cow's cleanliness of udder, hindquarter, and hindleg: 

**test images**
",1000,high,7,0.5,162,3344,0.038
2_dirty_hindquarter_hindleg_h4.JPG,2,0,2,2,2,2,2,High,"The udder shows distinct plaques of dirt, with visible dirt on and around the teats, which corresponds to a score of 2. The hindquarter also has visible plaques of dirt, which are separate or continuous, and therefore also scores a 2. The lower hindleg similarly shows separate or continuous plaques of dirt above the coronary band, resulting in a score of 2. The confidence in this assessment is high due to the clear visibility of dirt in the specified areas, which closely match the criteria and examples provided in the images for a score of 2.","ChatCompletion(id='chatcmpl-8gloKme3A3VmOZIZVmFqk2UN8uwkB', choices=[Choice(finish_reason='stop', index=0, message=ChatCompletionMessage(content='```json\n{\n  ""udder"": ""2"",\n  ""hindquarter"": ""2"",\n  ""hindleg"": ""2"",\n  ""confidence"": ""High"",\n  ""reason"": ""The udder shows distinct plaques of dirt, with visible dirt on and around the teats, which corresponds to a score of 2. The hindquarter also has visible plaques of dirt, which are separate or continuous, and therefore also scores a 2. The lower hindleg similarly shows separate or continuous plaques of dirt above the coronary band, resulting in a score of 2. The confidence in this assessment is high due to the clear visibility of dirt in the specified areas, which closely match the criteria and examples provided in the images for a score of 2.""\n}\n```', role='assistant', function_call=None, tool_calls=None))], created=1705204252, model='gpt-4-1106-vision-preview', object='chat.completion', system_fingerprint=None, usage=CompletionUsage(completion_tokens=159, prompt_tokens=3004, total_tokens=3163))",gpt-4-vision-preview,2024-01-13,"You are an experienced expert in animal welfare science focusing on dairy cow behavior and health, with 20 years of experience in conducting farm audit for welfare assessment. 
 ","Below are images containing text descriptions and criteria for assessing cleanliness of dairy cows' [1] udder, [2]hindquarter, and [3]hindleg. Please read these examples in the images. Creteria and example images: 
 
**example images**
Your task involves evaluating the cleanliness of dairy cows' [1]udder, [2]hindquarter, and [3]hindleg shown in the subsequent image, based on the previously provided criteria and examples.  `udder`: Enter `0` if no dirt or minor splashing; Enter `2` if there are distinct plaques of dirt on udder or any dirt on and around the teats. `hindquarter`: Enter `0` if no dirt or minor splashing; Enter `2` if there are separate or continuous plaques of dirt. `hindleg`: Enter `0` if no dirt or minor splashing; Enter `2` if there are separate or continuous plaques of dirt above the coronary band. If you can not assess due to image angle, enter `NA`
 
 Give your assessment with a confidence score and briefly explain your reasoning to clarify your thought process step by step. Take a deep breath before you answer. This task is vital to my career, and I greatly value your thorough analysis. 

 Answer format: ```json 
 {
  ""udder"": ""..."",
 ""hindquarter"": ""..."",
 ""hindleg"": ""..."",
 ""confidence"": ""..."",
  ""reason"": ""...""}``` 

 The following image requires your assessment of the cow's cleanliness of udder, hindquarter, and hindleg: 

**test images**
",1000,high,7,0.5,159,3004,0.035
2_dirty_hindquarter_hindleg_h7.JPG,2,0,2,2,2,2,2,High,"The cow's udder shows distinct plaques of dirt, which is evident from the dark patches and the coverage area. The hindquarter also has visible patches of dirt that cover a significant area, indicating that it is not just minor splashing. The lower hindlegs have dirt that extends above the coronary band, which meets the criteria for a score of 2. The assessment is made with high confidence based on the provided criteria and the clear visibility of dirt in the image.","ChatCompletion(id='chatcmpl-8gloQWGINZhSBcX9Bb46ab9O8no2A', choices=[Choice(finish_reason='stop', index=0, message=ChatCompletionMessage(content='```json\n{\n  ""udder"": ""2"",\n  ""hindquarter"": ""2"",\n  ""hindleg"": ""2"",\n  ""confidence"": ""High"",\n  ""reason"": ""The cow\'s udder shows distinct plaques of dirt, which is evident from the dark patches and the coverage area. The hindquarter also has visible patches of dirt that cover a significant area, indicating that it is not just minor splashing. The lower hindlegs have dirt that extends above the coronary band, which meets the criteria for a score of 2. The assessment is made with high confidence based on the provided criteria and the clear visibility of dirt in the image.""\n}\n```', role='assistant', function_call=None, tool_calls=None))], created=1705204258, model='gpt-4-1106-vision-preview', object='chat.completion', system_fingerprint=None, usage=CompletionUsage(completion_tokens=137, prompt_tokens=2834, total_tokens=2971))",gpt-4-vision-preview,2024-01-13,"You are an experienced expert in animal welfare science focusing on dairy cow behavior and health, with 20 years of experience in conducting farm audit for welfare assessment. 
 ","Below are images containing text descriptions and criteria for assessing cleanliness of dairy cows' [1] udder, [2]hindquarter, and [3]hindleg. Please read these examples in the images. Creteria and example images: 
 
**example images**
Your task involves evaluating the cleanliness of dairy cows' [1]udder, [2]hindquarter, and [3]hindleg shown in the subsequent image, based on the previously provided criteria and examples.  `udder`: Enter `0` if no dirt or minor splashing; Enter `2` if there are distinct plaques of dirt on udder or any dirt on and around the teats. `hindquarter`: Enter `0` if no dirt or minor splashing; Enter `2` if there are separate or continuous plaques of dirt. `hindleg`: Enter `0` if no dirt or minor splashing; Enter `2` if there are separate or continuous plaques of dirt above the coronary band. If you can not assess due to image angle, enter `NA`
 
 Give your assessment with a confidence score and briefly explain your reasoning to clarify your thought process step by step. Take a deep breath before you answer. This task is vital to my career, and I greatly value your thorough analysis. 

 Answer format: ```json 
 {
  ""udder"": ""..."",
 ""hindquarter"": ""..."",
 ""hindleg"": ""..."",
 ""confidence"": ""..."",
  ""reason"": ""...""}``` 

 The following image requires your assessment of the cow's cleanliness of udder, hindquarter, and hindleg: 

**test images**
",1000,high,7,0.5,137,2834,0.032
2_dirty_udder_hindleg_h6.JPG,2,2,2,0,2,2,2,High,"The udder shows distinct plaques of dirt, particularly around the teats, which meets the criteria for a score of 2. The hindquarter is also visibly dirty with separate or continuous plaques of dirt, justifying a score of 2. The lower hindleg has visible dirt and splashing above the coronary band, which aligns with the criteria for a score of 2. The image provides clear visibility of the areas in question, allowing for a high-confidence assessment.","ChatCompletion(id='chatcmpl-8gloXU8264qW1nn7fVYZ3QVqN3uSE', choices=[Choice(finish_reason='stop', index=0, message=ChatCompletionMessage(content='```json\n{\n  ""udder"": ""2"",\n  ""hindquarter"": ""2"",\n  ""hindleg"": ""2"",\n  ""confidence"": ""High"",\n  ""reason"": ""The udder shows distinct plaques of dirt, particularly around the teats, which meets the criteria for a score of 2. The hindquarter is also visibly dirty with separate or continuous plaques of dirt, justifying a score of 2. The lower hindleg has visible dirt and splashing above the coronary band, which aligns with the criteria for a score of 2. The image provides clear visibility of the areas in question, allowing for a high-confidence assessment.""\n}\n```', role='assistant', function_call=None, tool_calls=None))], created=1705204265, model='gpt-4-1106-vision-preview', object='chat.completion', system_fingerprint=None, usage=CompletionUsage(completion_tokens=139, prompt_tokens=2834, total_tokens=2973))",gpt-4-vision-preview,2024-01-13,"You are an experienced expert in animal welfare science focusing on dairy cow behavior and health, with 20 years of experience in conducting farm audit for welfare assessment. 
 ","Below are images containing text descriptions and criteria for assessing cleanliness of dairy cows' [1] udder, [2]hindquarter, and [3]hindleg. Please read these examples in the images. Creteria and example images: 
 
**example images**
Your task involves evaluating the cleanliness of dairy cows' [1]udder, [2]hindquarter, and [3]hindleg shown in the subsequent image, based on the previously provided criteria and examples.  `udder`: Enter `0` if no dirt or minor splashing; Enter `2` if there are distinct plaques of dirt on udder or any dirt on and around the teats. `hindquarter`: Enter `0` if no dirt or minor splashing; Enter `2` if there are separate or continuous plaques of dirt. `hindleg`: Enter `0` if no dirt or minor splashing; Enter `2` if there are separate or continuous plaques of dirt above the coronary band. If you can not assess due to image angle, enter `NA`
 
 Give your assessment with a confidence score and briefly explain your reasoning to clarify your thought process step by step. Take a deep breath before you answer. This task is vital to my career, and I greatly value your thorough analysis. 

 Answer format: ```json 
 {
  ""udder"": ""..."",
 ""hindquarter"": ""..."",
 ""hindleg"": ""..."",
 ""confidence"": ""..."",
  ""reason"": ""...""}``` 

 The following image requires your assessment of the cow's cleanliness of udder, hindquarter, and hindleg: 

**test images**
",1000,high,7,0.5,139,2834,0.033
2_dirty_udder_hindleg_u1.JPG,2,2,2,0,2,2,2,High,"The cow's udder shows distinct plaques of dirt, which is evident from the visible patches of dirt on and around the teats, thus scoring a 2. The hindquarter also has visible dirt that covers more than minor splashing, with the dirt appearing to be in separate or continuous plaques, which warrants a score of 2. The lower hind legs show dirt above the coronary band that is more than minor splashing, with clear patches of dirt that are separate or continuous, leading to a score of 2. The assessment is made with high confidence as the dirt is clearly visible and meets the criteria for a score of 2 in all three categories.","ChatCompletion(id='chatcmpl-8glod0CDKjpdOGZx2Otd0hopCk7Ih', choices=[Choice(finish_reason='stop', index=0, message=ChatCompletionMessage(content='```json\n{\n  ""udder"": ""2"",\n  ""hindquarter"": ""2"",\n  ""hindleg"": ""2"",\n  ""confidence"": ""High"",\n  ""reason"": ""The cow\'s udder shows distinct plaques of dirt, which is evident from the visible patches of dirt on and around the teats, thus scoring a 2. The hindquarter also has visible dirt that covers more than minor splashing, with the dirt appearing to be in separate or continuous plaques, which warrants a score of 2. The lower hind legs show dirt above the coronary band that is more than minor splashing, with clear patches of dirt that are separate or continuous, leading to a score of 2. The assessment is made with high confidence as the dirt is clearly visible and meets the criteria for a score of 2 in all three categories.""\n}\n```', role='assistant', function_call=None, tool_calls=None))], created=1705204271, model='gpt-4-1106-vision-preview', object='chat.completion', system_fingerprint=None, usage=CompletionUsage(completion_tokens=177, prompt_tokens=2834, total_tokens=3011))",gpt-4-vision-preview,2024-01-13,"You are an experienced expert in animal welfare science focusing on dairy cow behavior and health, with 20 years of experience in conducting farm audit for welfare assessment. 
 ","Below are images containing text descriptions and criteria for assessing cleanliness of dairy cows' [1] udder, [2]hindquarter, and [3]hindleg. Please read these examples in the images. Creteria and example images: 
 
**example images**
Your task involves evaluating the cleanliness of dairy cows' [1]udder, [2]hindquarter, and [3]hindleg shown in the subsequent image, based on the previously provided criteria and examples.  `udder`: Enter `0` if no dirt or minor splashing; Enter `2` if there are distinct plaques of dirt on udder or any dirt on and around the teats. `hindquarter`: Enter `0` if no dirt or minor splashing; Enter `2` if there are separate or continuous plaques of dirt. `hindleg`: Enter `0` if no dirt or minor splashing; Enter `2` if there are separate or continuous plaques of dirt above the coronary band. If you can not assess due to image angle, enter `NA`
 
 Give your assessment with a confidence score and briefly explain your reasoning to clarify your thought process step by step. Take a deep breath before you answer. This task is vital to my career, and I greatly value your thorough analysis. 

 Answer format: ```json 
 {
  ""udder"": ""..."",
 ""hindquarter"": ""..."",
 ""hindleg"": ""..."",
 ""confidence"": ""..."",
  ""reason"": ""...""}``` 

 The following image requires your assessment of the cow's cleanliness of udder, hindquarter, and hindleg: 

**test images**
",1000,high,7,0.5,177,2834,0.034
2_dirty_udder_hindquarter_hindleg_h8.JPG,2,2,2,2,2,2,2,High,"The udder shows distinct plaques of dirt, with visible dirt on and around the teats, which corresponds to a score of 2. The hindquarter also has visible plaques of dirt, which are separate and continuous, justifying a score of 2. The lower hind legs have dirt that extends above the coronary band, indicating a score of 2. The assessment is made with high confidence as the dirtiness is clear and matches the criteria for a score of 2 in all assessed areas.","ChatCompletion(id='chatcmpl-8glojNoBdnZCPcKOtabDv3K2SpTcu', choices=[Choice(finish_reason='stop', index=0, message=ChatCompletionMessage(content='```json\n{\n  ""udder"": ""2"",\n  ""hindquarter"": ""2"",\n  ""hindleg"": ""2"",\n  ""confidence"": ""High"",\n  ""reason"": ""The udder shows distinct plaques of dirt, with visible dirt on and around the teats, which corresponds to a score of 2. The hindquarter also has visible plaques of dirt, which are separate and continuous, justifying a score of 2. The lower hind legs have dirt that extends above the coronary band, indicating a score of 2. The assessment is made with high confidence as the dirtiness is clear and matches the criteria for a score of 2 in all assessed areas.""\n}\n```', role='assistant', function_call=None, tool_calls=None))], created=1705204277, model='gpt-4-1106-vision-preview', object='chat.completion', system_fingerprint=None, usage=CompletionUsage(completion_tokens=144, prompt_tokens=3004, total_tokens=3148))",gpt-4-vision-preview,2024-01-13,"You are an experienced expert in animal welfare science focusing on dairy cow behavior and health, with 20 years of experience in conducting farm audit for welfare assessment. 
 ","Below are images containing text descriptions and criteria for assessing cleanliness of dairy cows' [1] udder, [2]hindquarter, and [3]hindleg. Please read these examples in the images. Creteria and example images: 
 
**example images**
Your task involves evaluating the cleanliness of dairy cows' [1]udder, [2]hindquarter, and [3]hindleg shown in the subsequent image, based on the previously provided criteria and examples.  `udder`: Enter `0` if no dirt or minor splashing; Enter `2` if there are distinct plaques of dirt on udder or any dirt on and around the teats. `hindquarter`: Enter `0` if no dirt or minor splashing; Enter `2` if there are separate or continuous plaques of dirt. `hindleg`: Enter `0` if no dirt or minor splashing; Enter `2` if there are separate or continuous plaques of dirt above the coronary band. If you can not assess due to image angle, enter `NA`
 
 Give your assessment with a confidence score and briefly explain your reasoning to clarify your thought process step by step. Take a deep breath before you answer. This task is vital to my career, and I greatly value your thorough analysis. 

 Answer format: ```json 
 {
  ""udder"": ""..."",
 ""hindquarter"": ""..."",
 ""hindleg"": ""..."",
 ""confidence"": ""..."",
  ""reason"": ""...""}``` 

 The following image requires your assessment of the cow's cleanliness of udder, hindquarter, and hindleg: 

**test images**
",1000,high,7,0.5,144,3004,0.034
2_dirty_udder_hindquarter_hindleg_u2.JPG,2,2,2,2,2,2,2,High,"The udder shows distinct plaques of dirt, with visible dirt on and around the teats, which corresponds to a score of 2. The hindquarter also has visible plaques of dirt, which are separate or continuous, and cover a significant area, leading to a score of 2. The lower hindleg is covered with dirt above the coronary band, and the dirt appears to be both separate and continuous, which also results in a score of 2. The assessment is made with high confidence as the criteria for scoring are clearly met in the image provided, and the dirtiness is similar to the 'Score 2' examples in the reference images.","ChatCompletion(id='chatcmpl-8gloqm9GLbAG3HIEqBmbVeyQWFae3', choices=[Choice(finish_reason='stop', index=0, message=ChatCompletionMessage(content='```json\n{\n  ""udder"": ""2"",\n  ""hindquarter"": ""2"",\n  ""hindleg"": ""2"",\n  ""confidence"": ""High"",\n  ""reason"": ""The udder shows distinct plaques of dirt, with visible dirt on and around the teats, which corresponds to a score of 2. The hindquarter also has visible plaques of dirt, which are separate or continuous, and cover a significant area, leading to a score of 2. The lower hindleg is covered with dirt above the coronary band, and the dirt appears to be both separate and continuous, which also results in a score of 2. The assessment is made with high confidence as the criteria for scoring are clearly met in the image provided, and the dirtiness is similar to the \'Score 2\' examples in the reference images.""\n}\n```', role='assistant', function_call=None, tool_calls=None))], created=1705204284, model='gpt-4-1106-vision-preview', object='chat.completion', system_fingerprint=None, usage=CompletionUsage(completion_tokens=175, prompt_tokens=3004, total_tokens=3179))",gpt-4-vision-preview,2024-01-13,"You are an experienced expert in animal welfare science focusing on dairy cow behavior and health, with 20 years of experience in conducting farm audit for welfare assessment. 
 ","Below are images containing text descriptions and criteria for assessing cleanliness of dairy cows' [1] udder, [2]hindquarter, and [3]hindleg. Please read these examples in the images. Creteria and example images: 
 
**example images**
Your task involves evaluating the cleanliness of dairy cows' [1]udder, [2]hindquarter, and [3]hindleg shown in the subsequent image, based on the previously provided criteria and examples.  `udder`: Enter `0` if no dirt or minor splashing; Enter `2` if there are distinct plaques of dirt on udder or any dirt on and around the teats. `hindquarter`: Enter `0` if no dirt or minor splashing; Enter `2` if there are separate or continuous plaques of dirt. `hindleg`: Enter `0` if no dirt or minor splashing; Enter `2` if there are separate or continuous plaques of dirt above the coronary band. If you can not assess due to image angle, enter `NA`
 
 Give your assessment with a confidence score and briefly explain your reasoning to clarify your thought process step by step. Take a deep breath before you answer. This task is vital to my career, and I greatly value your thorough analysis. 

 Answer format: ```json 
 {
  ""udder"": ""..."",
 ""hindquarter"": ""..."",
 ""hindleg"": ""..."",
 ""confidence"": ""..."",
  ""reason"": ""...""}``` 

 The following image requires your assessment of the cow's cleanliness of udder, hindquarter, and hindleg: 

**test images**
",1000,high,7,0.5,175,3004,0.035
2_dirty_udder_hindquarter_hindleg_u3.JPG,2,2,2,2,2,2,2,High,"The cow in the image has distinct plaques of dirt on the udder, including on and around the teats, which warrants a score of 2 for the udder cleanliness. The hindquarter also shows a large area covered with dirt that appears to be more than minor splashing, thus it receives a score of 2. The lower hindleg is covered with dirt above the coronary band, indicating that it should also be scored as 2. The assessment is made with high confidence as the dirtiness is clearly visible and the criteria for scoring a 2 are met in all three areas.","ChatCompletion(id='chatcmpl-8glp0HOGfQ3jCVhvhf7o1mgT5LaFC', choices=[Choice(finish_reason='stop', index=0, message=ChatCompletionMessage(content='```json\n{\n  ""udder"": ""2"",\n  ""hindquarter"": ""2"",\n  ""hindleg"": ""2"",\n  ""confidence"": ""High"",\n  ""reason"": ""The cow in the image has distinct plaques of dirt on the udder, including on and around the teats, which warrants a score of 2 for the udder cleanliness. The hindquarter also shows a large area covered with dirt that appears to be more than minor splashing, thus it receives a score of 2. The lower hindleg is covered with dirt above the coronary band, indicating that it should also be scored as 2. The assessment is made with high confidence as the dirtiness is clearly visible and the criteria for scoring a 2 are met in all three areas.""\n}\n```', role='assistant', function_call=None, tool_calls=None))], created=1705204294, model='gpt-4-1106-vision-preview', object='chat.completion', system_fingerprint=None, usage=CompletionUsage(completion_tokens=163, prompt_tokens=3004, total_tokens=3167))",gpt-4-vision-preview,2024-01-13,"You are an experienced expert in animal welfare science focusing on dairy cow behavior and health, with 20 years of experience in conducting farm audit for welfare assessment. 
 ","Below are images containing text descriptions and criteria for assessing cleanliness of dairy cows' [1] udder, [2]hindquarter, and [3]hindleg. Please read these examples in the images. Creteria and example images: 
 
**example images**
Your task involves evaluating the cleanliness of dairy cows' [1]udder, [2]hindquarter, and [3]hindleg shown in the subsequent image, based on the previously provided criteria and examples.  `udder`: Enter `0` if no dirt or minor splashing; Enter `2` if there are distinct plaques of dirt on udder or any dirt on and around the teats. `hindquarter`: Enter `0` if no dirt or minor splashing; Enter `2` if there are separate or continuous plaques of dirt. `hindleg`: Enter `0` if no dirt or minor splashing; Enter `2` if there are separate or continuous plaques of dirt above the coronary band. If you can not assess due to image angle, enter `NA`
 
 Give your assessment with a confidence score and briefly explain your reasoning to clarify your thought process step by step. Take a deep breath before you answer. This task is vital to my career, and I greatly value your thorough analysis. 

 Answer format: ```json 
 {
  ""udder"": ""..."",
 ""hindquarter"": ""..."",
 ""hindleg"": ""..."",
 ""confidence"": ""..."",
  ""reason"": ""...""}``` 

 The following image requires your assessment of the cow's cleanliness of udder, hindquarter, and hindleg: 

**test images**
",1000,high,7,0.5,163,3004,0.035
2_dirty_udder_hindquarter_hindleg_u6.JPG,2,2,2,2,2,2,0,90,"The udder shows distinct plaques of dirt on and around the teats, which fits the description for a score of 2. The hindquarter also has separate or continuous plaques of dirt, justifying a score of 2. The lower hindleg appears to have no dirt or only minor splashing, which corresponds to a score of 0. The confidence score is not 100 due to the angle of the image, which does not fully show the lower hind legs, but the visible parts are assessed.","ChatCompletion(id='chatcmpl-8glpAU3q3N56odJhu9HNGk6LQXpL8', choices=[Choice(finish_reason='stop', index=0, message=ChatCompletionMessage(content='```json\n{\n  ""udder"": ""2"",\n  ""hindquarter"": ""2"",\n  ""hindleg"": ""0"",\n  ""confidence"": ""90"",\n  ""reason"": ""The udder shows distinct plaques of dirt on and around the teats, which fits the description for a score of 2. The hindquarter also has separate or continuous plaques of dirt, justifying a score of 2. The lower hindleg appears to have no dirt or only minor splashing, which corresponds to a score of 0. The confidence score is not 100 due to the angle of the image, which does not fully show the lower hind legs, but the visible parts are assessed.""\n}\n```', role='assistant', function_call=None, tool_calls=None))], created=1705204304, model='gpt-4-1106-vision-preview', object='chat.completion', system_fingerprint=None, usage=CompletionUsage(completion_tokens=146, prompt_tokens=3344, total_tokens=3490))",gpt-4-vision-preview,2024-01-13,"You are an experienced expert in animal welfare science focusing on dairy cow behavior and health, with 20 years of experience in conducting farm audit for welfare assessment. 
 ","Below are images containing text descriptions and criteria for assessing cleanliness of dairy cows' [1] udder, [2]hindquarter, and [3]hindleg. Please read these examples in the images. Creteria and example images: 
 
**example images**
Your task involves evaluating the cleanliness of dairy cows' [1]udder, [2]hindquarter, and [3]hindleg shown in the subsequent image, based on the previously provided criteria and examples.  `udder`: Enter `0` if no dirt or minor splashing; Enter `2` if there are distinct plaques of dirt on udder or any dirt on and around the teats. `hindquarter`: Enter `0` if no dirt or minor splashing; Enter `2` if there are separate or continuous plaques of dirt. `hindleg`: Enter `0` if no dirt or minor splashing; Enter `2` if there are separate or continuous plaques of dirt above the coronary band. If you can not assess due to image angle, enter `NA`
 
 Give your assessment with a confidence score and briefly explain your reasoning to clarify your thought process step by step. Take a deep breath before you answer. This task is vital to my career, and I greatly value your thorough analysis. 

 Answer format: ```json 
 {
  ""udder"": ""..."",
 ""hindquarter"": ""..."",
 ""hindleg"": ""..."",
 ""confidence"": ""..."",
  ""reason"": ""...""}``` 

 The following image requires your assessment of the cow's cleanliness of udder, hindquarter, and hindleg: 

**test images**
",1000,high,7,0.5,146,3344,0.038
