test_image,true_bcs,true_note,predict_bcs,predict_confidence,predict_reason,predict_result,model,date,system_prompt,user_prompt,max_tokens,detail_level,seed,temperature,completion_tokens,prompt_tokens,total_cost
0_normal_bcs5.JPG,0,normal,1,0.8,"The cow in the image appears to have prominent hip bones and a lack of fatty tissue covering the ribs and rump, which is indicative of a lower body condition score. Comparing to the provided criteria and examples, this cow more closely aligns with Score 1, which is characterized as 'very lean'. The confidence is not at the maximum because the image does not show the cow's entire body, and certain areas critical for assessment, such as the loin and the area around the tail head, are not fully visible. However, based on the visible parts, the assessment leans towards a Score 1.","ChatCompletion(id='chatcmpl-8gkc6HdOez33H6Vz3oe0bYkdrbxU7', choices=[Choice(finish_reason='stop', index=0, message=ChatCompletionMessage(content='```json\n{\n  ""body_condition_score"": ""1"",\n  ""confidence"": ""0.8"",\n  ""reason"": ""The cow in the image appears to have prominent hip bones and a lack of fatty tissue covering the ribs and rump, which is indicative of a lower body condition score. Comparing to the provided criteria and examples, this cow more closely aligns with Score 1, which is characterized as \'very lean\'. The confidence is not at the maximum because the image does not show the cow\'s entire body, and certain areas critical for assessment, such as the loin and the area around the tail head, are not fully visible. However, based on the visible parts, the assessment leans towards a Score 1.""\n}\n```', role='assistant', function_call=None, tool_calls=None))], created=1705199650, model='gpt-4-1106-vision-preview', object='chat.completion', system_fingerprint=None, usage=CompletionUsage(completion_tokens=151, prompt_tokens=3372, total_tokens=3523))",gpt-4-vision-preview,2024-01-13,"You are an experienced expert in animal welfare science focusing on dairy cow behavior and health, with 20 years of experience in conducting farm audit for welfare assessment. 
 ","Below are images containing text descriptions and criteria for assessing the body condition of dairy cows. Please read these textual descriptions and examples in the images. Creteria and example images: 
 
**example images**
Your task involves evaluating the body condition score (body_condition_score) of the dairy cow shown in the subsequent image, based on the previously provided criteria and examples. 0: regular body condition; 1: very lean; 2: very fat.
 
 Give your assessment with a confidence score from 0-1 and briefly explain your reasoning to clarify your thought process step by step. Take a deep breath before you answer. This task is vital to my career, and I greatly value your thorough analysis. 

 Answer format: ```json 
 {
  ""body_condition_score"": ""..."",
  ""confidence"": ""..."",
  ""reason"": ""...""}``` 

 The following image requires your assessment of the cow's body condition: 

**test images**
",1000,high,7,0.5,151,3372,0.038
0_normal_bcs6.JPG,0,normal,1,0.8,"The cow in the image appears to have prominent hip bones and a lack of fatty tissue covering the ribs and rump, which is indicative of a lower body condition score. The spine is also quite visible, which is a characteristic of a lean cow. Comparing this cow to the example images provided, it most closely aligns with the Score 1 example for dairy breeds, which represents a very lean body condition. The confidence is not absolute due to the angle of the photo and potential for variation in individual cow conditions, which may affect the visibility of certain body condition indicators.","ChatCompletion(id='chatcmpl-8gkcE7pqll7i2C6v8njuRdjpPGEbC', choices=[Choice(finish_reason='stop', index=0, message=ChatCompletionMessage(content='```json\n{\n  ""body_condition_score"": ""1"",\n  ""confidence"": ""0.8"",\n  ""reason"": ""The cow in the image appears to have prominent hip bones and a lack of fatty tissue covering the ribs and rump, which is indicative of a lower body condition score. The spine is also quite visible, which is a characteristic of a lean cow. Comparing this cow to the example images provided, it most closely aligns with the Score 1 example for dairy breeds, which represents a very lean body condition. The confidence is not absolute due to the angle of the photo and potential for variation in individual cow conditions, which may affect the visibility of certain body condition indicators.""\n}\n```', role='assistant', function_call=None, tool_calls=None))], created=1705199658, model='gpt-4-1106-vision-preview', object='chat.completion', system_fingerprint=None, usage=CompletionUsage(completion_tokens=144, prompt_tokens=3372, total_tokens=3516))",gpt-4-vision-preview,2024-01-13,"You are an experienced expert in animal welfare science focusing on dairy cow behavior and health, with 20 years of experience in conducting farm audit for welfare assessment. 
 ","Below are images containing text descriptions and criteria for assessing the body condition of dairy cows. Please read these textual descriptions and examples in the images. Creteria and example images: 
 
**example images**
Your task involves evaluating the body condition score (body_condition_score) of the dairy cow shown in the subsequent image, based on the previously provided criteria and examples. 0: regular body condition; 1: very lean; 2: very fat.
 
 Give your assessment with a confidence score from 0-1 and briefly explain your reasoning to clarify your thought process step by step. Take a deep breath before you answer. This task is vital to my career, and I greatly value your thorough analysis. 

 Answer format: ```json 
 {
  ""body_condition_score"": ""..."",
  ""confidence"": ""..."",
  ""reason"": ""...""}``` 

 The following image requires your assessment of the cow's body condition: 

**test images**
",1000,high,7,0.5,144,3372,0.038
1_thin_bcs1.JPG,1,thin,1,0.8,"The cow in the image appears to have a prominent backbone and pelvic bones, which are quite visible and sharp, indicating a lack of fat cover. The animal's rump also appears sunken, which is consistent with a lower body condition score. Comparing this cow to the criteria and examples provided earlier, it closely resembles the Score 1 example for dairy breeds, which is characterized by a very lean condition. The confidence is not 1.0 due to the angle of the image and the fact that a full assessment ideally includes multiple views and physical palpation.","ChatCompletion(id='chatcmpl-8gkcNWj1uXD3AlNzTvRyvy9hHN365', choices=[Choice(finish_reason='stop', index=0, message=ChatCompletionMessage(content='```json\n{\n  ""body_condition_score"": ""1"",\n  ""confidence"": ""0.8"",\n  ""reason"": ""The cow in the image appears to have a prominent backbone and pelvic bones, which are quite visible and sharp, indicating a lack of fat cover. The animal\'s rump also appears sunken, which is consistent with a lower body condition score. Comparing this cow to the criteria and examples provided earlier, it closely resembles the Score 1 example for dairy breeds, which is characterized by a very lean condition. The confidence is not 1.0 due to the angle of the image and the fact that a full assessment ideally includes multiple views and physical palpation.""\n}\n```', role='assistant', function_call=None, tool_calls=None))], created=1705199667, model='gpt-4-1106-vision-preview', object='chat.completion', system_fingerprint=None, usage=CompletionUsage(completion_tokens=142, prompt_tokens=4222, total_tokens=4364))",gpt-4-vision-preview,2024-01-13,"You are an experienced expert in animal welfare science focusing on dairy cow behavior and health, with 20 years of experience in conducting farm audit for welfare assessment. 
 ","Below are images containing text descriptions and criteria for assessing the body condition of dairy cows. Please read these textual descriptions and examples in the images. Creteria and example images: 
 
**example images**
Your task involves evaluating the body condition score (body_condition_score) of the dairy cow shown in the subsequent image, based on the previously provided criteria and examples. 0: regular body condition; 1: very lean; 2: very fat.
 
 Give your assessment with a confidence score from 0-1 and briefly explain your reasoning to clarify your thought process step by step. Take a deep breath before you answer. This task is vital to my career, and I greatly value your thorough analysis. 

 Answer format: ```json 
 {
  ""body_condition_score"": ""..."",
  ""confidence"": ""..."",
  ""reason"": ""...""}``` 

 The following image requires your assessment of the cow's body condition: 

**test images**
",1000,high,7,0.5,142,4222,0.046
1_thin_bcs2.JPG,1,thin,1,0.7,"The image provided shows a dairy cow with a side view focusing on the rib and hip areas. Based on the criteria and examples given for dairy breeds, the cow appears to have a prominent backbone and ribs that are visible, which suggests a lower body condition score. The cow does not exhibit the smooth, well-rounded appearance associated with a score of 0. However, the image does not provide a full view of the cow, including the rump and tail head areas, which are also important for a comprehensive assessment. Additionally, the angle and lighting of the photo may slightly distort the perception of body condition. Therefore, while the cow seems to lean towards a score of 1, indicating a very lean condition, the confidence in this assessment is not absolute due to the limitations of the image.","ChatCompletion(id='chatcmpl-8gkcUmJ7ACRGdx6UFF8ZprRB2BkJ6', choices=[Choice(finish_reason='stop', index=0, message=ChatCompletionMessage(content='```json\n{\n  ""body_condition_score"": ""1"",\n  ""confidence"": ""0.7"",\n  ""reason"": ""The image provided shows a dairy cow with a side view focusing on the rib and hip areas. Based on the criteria and examples given for dairy breeds, the cow appears to have a prominent backbone and ribs that are visible, which suggests a lower body condition score. The cow does not exhibit the smooth, well-rounded appearance associated with a score of 0. However, the image does not provide a full view of the cow, including the rump and tail head areas, which are also important for a comprehensive assessment. Additionally, the angle and lighting of the photo may slightly distort the perception of body condition. Therefore, while the cow seems to lean towards a score of 1, indicating a very lean condition, the confidence in this assessment is not absolute due to the limitations of the image.""\n}\n```', role='assistant', function_call=None, tool_calls=None))], created=1705199674, model='gpt-4-1106-vision-preview', object='chat.completion', system_fingerprint=None, usage=CompletionUsage(completion_tokens=187, prompt_tokens=3882, total_tokens=4069))",gpt-4-vision-preview,2024-01-13,"You are an experienced expert in animal welfare science focusing on dairy cow behavior and health, with 20 years of experience in conducting farm audit for welfare assessment. 
 ","Below are images containing text descriptions and criteria for assessing the body condition of dairy cows. Please read these textual descriptions and examples in the images. Creteria and example images: 
 
**example images**
Your task involves evaluating the body condition score (body_condition_score) of the dairy cow shown in the subsequent image, based on the previously provided criteria and examples. 0: regular body condition; 1: very lean; 2: very fat.
 
 Give your assessment with a confidence score from 0-1 and briefly explain your reasoning to clarify your thought process step by step. Take a deep breath before you answer. This task is vital to my career, and I greatly value your thorough analysis. 

 Answer format: ```json 
 {
  ""body_condition_score"": ""..."",
  ""confidence"": ""..."",
  ""reason"": ""...""}``` 

 The following image requires your assessment of the cow's body condition: 

**test images**
",1000,high,7,0.5,187,3882,0.044
1_thin_bcs3.JPG,1,thin,1,0.7,"The image provided is not ideal for a full assessment as it lacks a clear view of the tail head, back, and ribs which are important anatomical landmarks for body condition scoring. However, based on the visible prominence of the spinal processes and the lack of visible fat cover along the back, the cow appears to be lean. This assessment leans towards a score of 1, indicating a very lean condition, but due to the limitations of the image, the confidence level is not absolute.","ChatCompletion(id='chatcmpl-8gkcf32CrdtcJUMeL1OOoqKxOCkxL', choices=[Choice(finish_reason='stop', index=0, message=ChatCompletionMessage(content='```json\n{\n  ""body_condition_score"": ""1"",\n  ""confidence"": ""0.7"",\n  ""reason"": ""The image provided is not ideal for a full assessment as it lacks a clear view of the tail head, back, and ribs which are important anatomical landmarks for body condition scoring. However, based on the visible prominence of the spinal processes and the lack of visible fat cover along the back, the cow appears to be lean. This assessment leans towards a score of 1, indicating a very lean condition, but due to the limitations of the image, the confidence level is not absolute.""\n}\n```', role='assistant', function_call=None, tool_calls=None))], created=1705199685, model='gpt-4-1106-vision-preview', object='chat.completion', system_fingerprint=None, usage=CompletionUsage(completion_tokens=126, prompt_tokens=3882, total_tokens=4008))",gpt-4-vision-preview,2024-01-13,"You are an experienced expert in animal welfare science focusing on dairy cow behavior and health, with 20 years of experience in conducting farm audit for welfare assessment. 
 ","Below are images containing text descriptions and criteria for assessing the body condition of dairy cows. Please read these textual descriptions and examples in the images. Creteria and example images: 
 
**example images**
Your task involves evaluating the body condition score (body_condition_score) of the dairy cow shown in the subsequent image, based on the previously provided criteria and examples. 0: regular body condition; 1: very lean; 2: very fat.
 
 Give your assessment with a confidence score from 0-1 and briefly explain your reasoning to clarify your thought process step by step. Take a deep breath before you answer. This task is vital to my career, and I greatly value your thorough analysis. 

 Answer format: ```json 
 {
  ""body_condition_score"": ""..."",
  ""confidence"": ""..."",
  ""reason"": ""...""}``` 

 The following image requires your assessment of the cow's body condition: 

**test images**
",1000,high,7,0.5,126,3882,0.043
2_fat_bcs4.JPG,2,fat,1,0.8,"The cow in the image appears to be very lean, as indicated by the prominence of the hip bones and the lack of visible fat cover. The spine and ribs are not distinctly visible in this image, which might suggest a score of 0; however, the prominence of the hip bones and the overall lack of muscular coverage more closely resemble the 'Score 1' example provided for dairy breeds. The angle of the photo does not provide a full lateral view, which slightly reduces the confidence level of the assessment.","ChatCompletion(id='chatcmpl-8gkdIENguBVPqx2K7twubukcClhL9', choices=[Choice(finish_reason='stop', index=0, message=ChatCompletionMessage(content='```json\n{\n  ""body_condition_score"": ""1"",\n  ""confidence"": ""0.8"",\n  ""reason"": ""The cow in the image appears to be very lean, as indicated by the prominence of the hip bones and the lack of visible fat cover. The spine and ribs are not distinctly visible in this image, which might suggest a score of 0; however, the prominence of the hip bones and the overall lack of muscular coverage more closely resemble the \'Score 1\' example provided for dairy breeds. The angle of the photo does not provide a full lateral view, which slightly reduces the confidence level of the assessment.""\n}\n```', role='assistant', function_call=None, tool_calls=None))], created=1705199724, model='gpt-4-1106-vision-preview', object='chat.completion', system_fingerprint=None, usage=CompletionUsage(completion_tokens=131, prompt_tokens=3542, total_tokens=3673))",gpt-4-vision-preview,2024-01-13,"You are an experienced expert in animal welfare science focusing on dairy cow behavior and health, with 20 years of experience in conducting farm audit for welfare assessment. 
 ","Below are images containing text descriptions and criteria for assessing the body condition of dairy cows. Please read these textual descriptions and examples in the images. Creteria and example images: 
 
**example images**
Your task involves evaluating the body condition score (body_condition_score) of the dairy cow shown in the subsequent image, based on the previously provided criteria and examples. 0: regular body condition; 1: very lean; 2: very fat.
 
 Give your assessment with a confidence score from 0-1 and briefly explain your reasoning to clarify your thought process step by step. Take a deep breath before you answer. This task is vital to my career, and I greatly value your thorough analysis. 

 Answer format: ```json 
 {
  ""body_condition_score"": ""..."",
  ""confidence"": ""..."",
  ""reason"": ""...""}``` 

 The following image requires your assessment of the cow's body condition: 

**test images**
",1000,high,7,0.5,131,3542,0.039
2_fat_bcs7.JPG,2,fat,1,0.8,"The cow in the image appears to have prominent hip bones and a lack of fatty tissue covering the ribs and rump, which is indicative of a lower body condition score. Comparing this cow to the provided examples, it most closely matches the characteristics of Score 1, which represents a very lean body condition. The cow does not appear to have the adequate muscle and fat coverage seen in Score 0 cows, which represent a regular body condition. Additionally, the cow does not exhibit the roundness or excess fat characteristic of Score 2 cows, which are considered very fat. My confidence is not absolute due to the angle of the photo and potential variability in individual cow conditions, but the visible physical traits suggest a leaner condition.","ChatCompletion(id='chatcmpl-8gkdPlebcniEZellhZdl8Z28VmPuQ', choices=[Choice(finish_reason='stop', index=0, message=ChatCompletionMessage(content='```json\n{\n  ""body_condition_score"": ""1"",\n  ""confidence"": ""0.8"",\n  ""reason"": ""The cow in the image appears to have prominent hip bones and a lack of fatty tissue covering the ribs and rump, which is indicative of a lower body condition score. Comparing this cow to the provided examples, it most closely matches the characteristics of Score 1, which represents a very lean body condition. The cow does not appear to have the adequate muscle and fat coverage seen in Score 0 cows, which represent a regular body condition. Additionally, the cow does not exhibit the roundness or excess fat characteristic of Score 2 cows, which are considered very fat. My confidence is not absolute due to the angle of the photo and potential variability in individual cow conditions, but the visible physical traits suggest a leaner condition.""\n}\n```', role='assistant', function_call=None, tool_calls=None))], created=1705199731, model='gpt-4-1106-vision-preview', object='chat.completion', system_fingerprint=None, usage=CompletionUsage(completion_tokens=175, prompt_tokens=3372, total_tokens=3547))",gpt-4-vision-preview,2024-01-13,"You are an experienced expert in animal welfare science focusing on dairy cow behavior and health, with 20 years of experience in conducting farm audit for welfare assessment. 
 ","Below are images containing text descriptions and criteria for assessing the body condition of dairy cows. Please read these textual descriptions and examples in the images. Creteria and example images: 
 
**example images**
Your task involves evaluating the body condition score (body_condition_score) of the dairy cow shown in the subsequent image, based on the previously provided criteria and examples. 0: regular body condition; 1: very lean; 2: very fat.
 
 Give your assessment with a confidence score from 0-1 and briefly explain your reasoning to clarify your thought process step by step. Take a deep breath before you answer. This task is vital to my career, and I greatly value your thorough analysis. 

 Answer format: ```json 
 {
  ""body_condition_score"": ""..."",
  ""confidence"": ""..."",
  ""reason"": ""...""}``` 

 The following image requires your assessment of the cow's body condition: 

**test images**
",1000,high,7,0.5,175,3372,0.039
0_normal_bcs5.JPG,0,normal,1,0.8,"The cow in the image appears to have a prominent backbone and pelvic bones, which are visible and not well-covered by muscle or fat. The lack of visible fat deposits and the prominence of skeletal structures are indicative of a lean condition. The cow's body condition is similar to the 'Score 1' example provided for dairy breeds, which is characterized by a very lean body condition. The confidence score is not a full 1.0 due to the angle and lighting of the photo, which may slightly obscure some details necessary for a comprehensive assessment.","ChatCompletion(id='chatcmpl-8gkhu8f9XfrgTQ12S4ywbqBILlHsM', choices=[Choice(finish_reason='stop', index=0, message=ChatCompletionMessage(content='```json\n{\n  ""body_condition_score"": ""1"",\n  ""confidence"": ""0.8"",\n  ""reason"": ""The cow in the image appears to have a prominent backbone and pelvic bones, which are visible and not well-covered by muscle or fat. The lack of visible fat deposits and the prominence of skeletal structures are indicative of a lean condition. The cow\'s body condition is similar to the \'Score 1\' example provided for dairy breeds, which is characterized by a very lean body condition. The confidence score is not a full 1.0 due to the angle and lighting of the photo, which may slightly obscure some details necessary for a comprehensive assessment.""\n}\n```', role='assistant', function_call=None, tool_calls=None))], created=1705200010, model='gpt-4-1106-vision-preview', object='chat.completion', system_fingerprint=None, usage=CompletionUsage(completion_tokens=138, prompt_tokens=3372, total_tokens=3510))",gpt-4-vision-preview,2024-01-13,"You are an experienced expert in animal welfare science focusing on dairy cow behavior and health, with 20 years of experience in conducting farm audit for welfare assessment. 
 ","Below are images containing text descriptions and criteria for assessing the body condition of dairy cows. Please read these textual descriptions and examples in the images. Creteria and example images: 
 
**example images**
Your task involves evaluating the body condition score (body_condition_score) of the dairy cow shown in the subsequent image, based on the previously provided criteria and examples. 0: regular body condition; 1: very lean; 2: very fat.
 
 Give your assessment with a confidence score from 0-1 and briefly explain your reasoning to clarify your thought process step by step. Take a deep breath before you answer. This task is vital to my career, and I greatly value your thorough analysis. 

 Answer format: ```json 
 {
  ""body_condition_score"": ""..."",
  ""confidence"": ""..."",
  ""reason"": ""...""}``` 

 The following image requires your assessment of the cow's body condition: 

**test images**
",1000,high,7,0.2,138,3372,0.038
0_normal_bcs6.JPG,0,normal,1,0.8,"The cow in the image appears to have prominent hip bones and a lack of visible fat cover, indicating a leaner body condition. The spine is also quite noticeable, and there is a sharpness to the area around the tail head, which is consistent with the characteristics of a score 1 body condition as per the provided criteria. The cow does not appear to be as emaciated as a score 0, nor does it exhibit the roundness or excess fat deposition of a score 2. The confidence level is not at the maximum due to the angle of the photo and the fact that a full lateral view would provide a more comprehensive assessment.","ChatCompletion(id='chatcmpl-8gki5RZ4tgjMXlv9DyiGHqskmcwvL', choices=[Choice(finish_reason='stop', index=0, message=ChatCompletionMessage(content='```json\n{\n  ""body_condition_score"": ""1"",\n  ""confidence"": ""0.8"",\n  ""reason"": ""The cow in the image appears to have prominent hip bones and a lack of visible fat cover, indicating a leaner body condition. The spine is also quite noticeable, and there is a sharpness to the area around the tail head, which is consistent with the characteristics of a score 1 body condition as per the provided criteria. The cow does not appear to be as emaciated as a score 0, nor does it exhibit the roundness or excess fat deposition of a score 2. The confidence level is not at the maximum due to the angle of the photo and the fact that a full lateral view would provide a more comprehensive assessment.""\n}\n```', role='assistant', function_call=None, tool_calls=None))], created=1705200021, model='gpt-4-1106-vision-preview', object='chat.completion', system_fingerprint=None, usage=CompletionUsage(completion_tokens=159, prompt_tokens=3372, total_tokens=3531))",gpt-4-vision-preview,2024-01-13,"You are an experienced expert in animal welfare science focusing on dairy cow behavior and health, with 20 years of experience in conducting farm audit for welfare assessment. 
 ","Below are images containing text descriptions and criteria for assessing the body condition of dairy cows. Please read these textual descriptions and examples in the images. Creteria and example images: 
 
**example images**
Your task involves evaluating the body condition score (body_condition_score) of the dairy cow shown in the subsequent image, based on the previously provided criteria and examples. 0: regular body condition; 1: very lean; 2: very fat.
 
 Give your assessment with a confidence score from 0-1 and briefly explain your reasoning to clarify your thought process step by step. Take a deep breath before you answer. This task is vital to my career, and I greatly value your thorough analysis. 

 Answer format: ```json 
 {
  ""body_condition_score"": ""..."",
  ""confidence"": ""..."",
  ""reason"": ""...""}``` 

 The following image requires your assessment of the cow's body condition: 

**test images**
",1000,high,7,0.2,159,3372,0.038
0_normal_bcs5.JPG,0,normal,1,0.8,"Based on the provided criteria and examples for dairy cow body condition scoring, we assess the prominent bone structures such as the hooks (hip bones) and pins (rumps). The cow in the submitted image exhibits prominent hip bones and a noticeable bone structure around the tail head, which is indicative of a lower body condition score. There is a lack of visible fat cover and muscle fullness when compared to the 'Score 0' example, which represents a regular body condition. The cow does not exhibit the characteristics associated with 'Score 2', which would indicate excess fat. Therefore, the assessment leans towards 'Score 1', which correlates to a very lean body condition. The confidence score is not absolute because the image is not full profile and parts of the cow's body are obscured, but the visible anatomical markers provide sufficient information to make this assessment.","ChatCompletion(id='chatcmpl-8gkipVNODX3aHdR3o2UJuGizJ95TW', choices=[Choice(finish_reason='stop', index=0, message=ChatCompletionMessage(content='```json\n{\n  ""body_condition_score"": ""1"",\n  ""confidence"": ""0.8"",\n  ""reason"": ""Based on the provided criteria and examples for dairy cow body condition scoring, we assess the prominent bone structures such as the hooks (hip bones) and pins (rumps). The cow in the submitted image exhibits prominent hip bones and a noticeable bone structure around the tail head, which is indicative of a lower body condition score. There is a lack of visible fat cover and muscle fullness when compared to the \'Score 0\' example, which represents a regular body condition. The cow does not exhibit the characteristics associated with \'Score 2\', which would indicate excess fat. Therefore, the assessment leans towards \'Score 1\', which correlates to a very lean body condition. The confidence score is not absolute because the image is not full profile and parts of the cow\'s body are obscured, but the visible anatomical markers provide sufficient information to make this assessment.""\n}\n```', role='assistant', function_call=None, tool_calls=None))], created=1705200067, model='gpt-4-1106-vision-preview', object='chat.completion', system_fingerprint=None, usage=CompletionUsage(completion_tokens=200, prompt_tokens=3372, total_tokens=3572))",gpt-4-vision-preview,2024-01-13,"You are an experienced expert in animal welfare science focusing on dairy cow behavior and health, with 20 years of experience in conducting farm audit for welfare assessment. 
 ","Below are images containing text descriptions and criteria for assessing the body condition of dairy cows. Please read these textual descriptions and examples in the images. Creteria and example images: 
 
**example images**
Your task involves evaluating the body condition score (body_condition_score) of the dairy cow shown in the subsequent image, based on the previously provided criteria and examples. 0: regular body condition; 1: very lean; 2: very fat.
 
 Give your assessment with a confidence score from 0-1 and briefly explain your reasoning to clarify your thought process step by step. Take a deep breath before you answer. This task is vital to my career, and I greatly value your thorough analysis. 

 Answer format: ```json 
 {
  ""body_condition_score"": ""..."",
  ""confidence"": ""..."",
  ""reason"": ""...""}``` 

 The following image requires your assessment of the cow's body condition: 

**test images**
",1000,high,7,0.8,200,3372,0.04
0_normal_bcs6.JPG,0,normal,1,0.85,"Based on the visual cues provided in the image and comparing it to the reference images, the cow appears to be quite lean. The hip bones, ribs, and tail head are prominently visible, and there is a lack of noticeable fat cover, which suggests a lower body condition score. It is not at the extreme end of leanness but is closer to Score 1 than to the regular body condition of Score 0 or the overweight condition of Score 2. The confidence level is not at the maximum due to the angle of the photograph and the partial view of the cow, which limits the assessment to only certain body parts.","ChatCompletion(id='chatcmpl-8gkj1WNSkZktfS6wmOx9xClDZlMGK', choices=[Choice(finish_reason='stop', index=0, message=ChatCompletionMessage(content='```json\n{\n  ""body_condition_score"": ""1"",\n  ""confidence"": ""0.85"",\n  ""reason"": ""Based on the visual cues provided in the image and comparing it to the reference images, the cow appears to be quite lean. The hip bones, ribs, and tail head are prominently visible, and there is a lack of noticeable fat cover, which suggests a lower body condition score. It is not at the extreme end of leanness but is closer to Score 1 than to the regular body condition of Score 0 or the overweight condition of Score 2. The confidence level is not at the maximum due to the angle of the photograph and the partial view of the cow, which limits the assessment to only certain body parts.""\n}\n```', role='assistant', function_call=None, tool_calls=None))], created=1705200079, model='gpt-4-1106-vision-preview', object='chat.completion', system_fingerprint=None, usage=CompletionUsage(completion_tokens=154, prompt_tokens=3372, total_tokens=3526))",gpt-4-vision-preview,2024-01-13,"You are an experienced expert in animal welfare science focusing on dairy cow behavior and health, with 20 years of experience in conducting farm audit for welfare assessment. 
 ","Below are images containing text descriptions and criteria for assessing the body condition of dairy cows. Please read these textual descriptions and examples in the images. Creteria and example images: 
 
**example images**
Your task involves evaluating the body condition score (body_condition_score) of the dairy cow shown in the subsequent image, based on the previously provided criteria and examples. 0: regular body condition; 1: very lean; 2: very fat.
 
 Give your assessment with a confidence score from 0-1 and briefly explain your reasoning to clarify your thought process step by step. Take a deep breath before you answer. This task is vital to my career, and I greatly value your thorough analysis. 

 Answer format: ```json 
 {
  ""body_condition_score"": ""..."",
  ""confidence"": ""..."",
  ""reason"": ""...""}``` 

 The following image requires your assessment of the cow's body condition: 

**test images**
",1000,high,7,0.8,154,3372,0.038
1_thin_bcs1.JPG,1,thin,1,0.85,"The cow in the image seems to have a reduced fat cover and a more prominent bone structure, particularly around the hips, back, and tail head, which is similar to the criteria described for Score 1 (very lean) in the provided criteria. The visibility of the bone structure is a key factor in determining the score. While the angle and the position of the cow may slightly obscure the full assessment, the visible characteristics are enough to associate it with Score 1 with a high degree of confidence.","ChatCompletion(id='chatcmpl-8gkjAECnczmHtiJYHi6liYDO1vCrb', choices=[Choice(finish_reason='stop', index=0, message=ChatCompletionMessage(content='```json\n{\n  ""body_condition_score"": ""1"",\n  ""confidence"": ""0.85"",\n  ""reason"": ""The cow in the image seems to have a reduced fat cover and a more prominent bone structure, particularly around the hips, back, and tail head, which is similar to the criteria described for Score 1 (very lean) in the provided criteria. The visibility of the bone structure is a key factor in determining the score. While the angle and the position of the cow may slightly obscure the full assessment, the visible characteristics are enough to associate it with Score 1 with a high degree of confidence.""\n}\n```', role='assistant', function_call=None, tool_calls=None))], created=1705200088, model='gpt-4-1106-vision-preview', object='chat.completion', system_fingerprint=None, usage=CompletionUsage(completion_tokens=129, prompt_tokens=4222, total_tokens=4351))",gpt-4-vision-preview,2024-01-13,"You are an experienced expert in animal welfare science focusing on dairy cow behavior and health, with 20 years of experience in conducting farm audit for welfare assessment. 
 ","Below are images containing text descriptions and criteria for assessing the body condition of dairy cows. Please read these textual descriptions and examples in the images. Creteria and example images: 
 
**example images**
Your task involves evaluating the body condition score (body_condition_score) of the dairy cow shown in the subsequent image, based on the previously provided criteria and examples. 0: regular body condition; 1: very lean; 2: very fat.
 
 Give your assessment with a confidence score from 0-1 and briefly explain your reasoning to clarify your thought process step by step. Take a deep breath before you answer. This task is vital to my career, and I greatly value your thorough analysis. 

 Answer format: ```json 
 {
  ""body_condition_score"": ""..."",
  ""confidence"": ""..."",
  ""reason"": ""...""}``` 

 The following image requires your assessment of the cow's body condition: 

**test images**
",1000,high,7,0.8,129,4222,0.046
